<dataset>	
	<USUARIO LOGIN="claudia" NOME="Claudia Fulana" EMAIL="claudia@email.com" SENHA="cl123" PONTOS="4"/>
	<USUARIO LOGIN="joao" NOME="Joao da Silva" EMAIL="joao@email.com" SENHA="jo123" PONTOS="6"/>
	<USUARIO LOGIN="jose" NOME="Jose Luz" EMAIL="jose@email.com" SENHA="jo123" PONTOS="2"/>
	<USUARIO LOGIN="luciana" NOME="Luciana Ciclana" EMAIL="luciana@email.com" SENHA="lu123" PONTOS="3"/>
	<USUARIO LOGIN="maria" NOME="Maria Tereza" EMAIL="maria@email.com" SENHA="ma123" PONTOS="7"/>
	<USUARIO LOGIN="mateus" NOME="Mateus Fulano" EMAIL="mateus@email.com" SENHA="mt123" PONTOS="11"/>
    <USUARIO LOGIN="pedro" NOME="Pedro da Silva" EMAIL="pedro@email.com" SENHA="pe123" PONTOS="8"/>
	<USUARIO LOGIN="tiago" NOME="Tiago Ciclano" EMAIL="tiago@email.com" SENHA="ti123" PONTOS="9"/>
</dataset>