<?xml version="1.0" encoding="UTF-8"?>
<project-private xmlns="http://www.netbeans.org/ns/project-private/1">
    <editor-bookmarks xmlns="http://www.netbeans.org/ns/editor-bookmarks/2" lastBookmarkId="0"/>
    <open-files xmlns="http://www.netbeans.org/ns/projectui-open-files/2">
        <group>
            <file>file:/C:/Data/1000_Coursera/Java/Curso_3_Advanced_Java/Week_2/TraducaoAplicacao/traducoes.xml</file>
            <file>file:/C:/Data/1000_Coursera/Java/Curso_3_Advanced_Java/Week_2/TraducaoAplicacao/test/TesteFuncionalTraducoes.java</file>
            <file>file:/C:/Data/1000_Coursera/Java/Curso_3_Advanced_Java/Week_2/TraducaoAplicacao/web/WEB-INF/traducoes.xml</file>
            <file>file:/C:/Data/1000_Coursera/Java/Curso_3_Advanced_Java/Week_2/TraducaoAplicacao/web/ApresentaPalavra.jsp</file>
            <file>file:/C:/Data/1000_Coursera/Java/Curso_3_Advanced_Java/Week_2/TraducaoAplicacao/src/java/Armazenamento.java</file>
            <file>file:/C:/Data/1000_Coursera/Java/Curso_3_Advanced_Java/Week_2/TraducaoAplicacao/test/TesteArmazenamento.java</file>
            <file>file:/C:/Data/1000_Coursera/Java/Curso_3_Advanced_Java/Week_2/TraducaoAplicacao/src/java/traduzirServlet.java</file>
            <file>file:/C:/Data/1000_Coursera/Java/Curso_3_Advanced_Java/Week_2/TraducaoAplicacao/web/index.html</file>
        </group>
    </open-files>
</project-private>
