<?xml version="1.0" encoding="UTF-8"?>
<project-private xmlns="http://www.netbeans.org/ns/project-private/1">
    <editor-bookmarks xmlns="http://www.netbeans.org/ns/editor-bookmarks/2" lastBookmarkId="0"/>
    <open-files xmlns="http://www.netbeans.org/ns/projectui-open-files/2">
        <group>
            <file>file:/Users/java/NetBeansProjects/w2devoir_netbeans/src/java/controller/en/TranslateController.java</file>
            <file>file:/Users/java/NetBeansProjects/w2devoir_netbeans/web/index.html</file>
            <file>file:/Users/java/NetBeansProjects/w2devoir_netbeans/web/view/view.jsp</file>
            <file>file:/Users/java/NetBeansProjects/w2devoir_netbeans/web/view/index.html</file>
        </group>
    </open-files>
</project-private>
