<?xml version="1.0" encoding="UTF-8"?>
<project-private xmlns="http://www.netbeans.org/ns/project-private/1">
    <editor-bookmarks xmlns="http://www.netbeans.org/ns/editor-bookmarks/2" lastBookmarkId="0"/>
    <open-files xmlns="http://www.netbeans.org/ns/projectui-open-files/2">
        <group>
            <file>file:/Users/Dani/NetBeansProjects/Semana3/src/fontes/UsuarioDB.java</file>
            <file>file:/Users/Dani/NetBeansProjects/Semana3/src/inicio.xml</file>
            <file>file:/Users/Dani/NetBeansProjects/Semana3/test/TesteDB.java</file>
            <file>file:/Users/Dani/NetBeansProjects/Semana3/src/verificaInserir.xml</file>
            <file>file:/Users/Dani/NetBeansProjects/Semana3/src/verificarPontos.xml</file>
            <file>file:/Users/Dani/NetBeansProjects/Semana3/src/fontes/UsuarioDAO.java</file>
            <file>file:/Users/Dani/NetBeansProjects/Semana3/src/fontes/Usuario.java</file>
        </group>
    </open-files>
</project-private>
