<dataset>
	
	<USUARIO LOGIN="duda" EMAIL="duda@hotmail.com.br" NOME="Maria Eduarda" SENHA="duda123" PONTOS="9"/>
	<USUARIO LOGIN="joao" EMAIL="joao@email.com" NOME="Joao Pedro" SENHA="123" PONTOS="10"/>
	<USUARIO LOGIN="paulo" EMAIL="paulo@gmail.com" NOME="Paulo França" SENHA="123456" PONTOS="3"/>
	<USUARIO LOGIN="teste" EMAIL="sobre@testando.com.br" NOME="Teste Sobre Teste" SENHA="123456" PONTOS="13"/>
	
	<TOPICO ID_TOPICO="1" TITULO="Titulo de Teste 1" CONTEUDO="Conteudo do titulo de Teste 1" LOGIN="paulo"/>
	<TOPICO ID_TOPICO="2" TITULO="Titulo de Teste 2" CONTEUDO="Conteudo do titulo de Teste 2" LOGIN="teste"/>
	<TOPICO ID_TOPICO="3" TITULO="Titulo de Teste 3" CONTEUDO="Conteudo do titulo de Teste 3" LOGIN="joao"/>
	<TOPICO ID_TOPICO="4" TITULO="Titulo de Teste 4" CONTEUDO="Conteudo do titulo de Teste 4" LOGIN="paulo"/>

</dataset>